Message ke-0;351645
Message ke-1;353600
Message ke-2;354577
Message ke-3;355555
Message ke-4;356532
Message ke-5;357509
Message ke-6;358487
Message ke-7;359463
Message ke-8;360441
Message ke-9;361417
Message ke-10;362395
Message ke-11;363372
Message ke-12;364349
Message ke-13;365327
Message ke-14;366303
Message ke-15;367281
Message ke-16;369234
Message ke-17;371330
Message ke-18;373142
Message ke-19;374120
Message ke-20;375098
Message ke-21;376075
Message ke-22;377053
Message ke-23;378029
Message ke-24;379983
Message ke-25;380960
Message ke-26;381938
Message ke-27;382915
Message ke-28;384870
Message ke-29;385845
Message ke-30;386823
Message ke-31;387802
Message ke-32;388778
Message ke-33;390731
Message ke-34;403053
Message ke-35;404033
Message ke-36;404033
Message ke-37;405009
Message ke-38;405988
Message ke-39;406965
Message ke-40;412827
Message ke-41;417716
Message ke-42;422599
Message ke-43;424553
Message ke-44;426507
Message ke-45;429439
Message ke-46;431392
Message ke-47;433347
Message ke-48;435300
Message ke-49;437256
Message ke-50;439210
Message ke-51;441164
Message ke-52;443118
Message ke-53;445075
Message ke-54;447026
Message ke-55;448980
Message ke-56;452890
Message ke-57;455821
Message ke-58;456801
Message ke-59;458752
Message ke-60;460707
Message ke-61;461685
Message ke-62;462661
Message ke-63;463637
Message ke-64;464616
Message ke-65;466573
Message ke-66;469501
Message ke-67;472435
Message ke-68;475365
Message ke-69;476341
Message ke-70;478295
Message ke-71;479273
Message ke-72;480250
Message ke-73;483183
Message ke-74;488068
Message ke-75;491976
Message ke-76;494907
Message ke-77;496861
Message ke-78;497842
Message ke-79;499792
Message ke-80;501747
Message ke-81;503700
Message ke-82;505656
Message ke-83;506632
Message ke-84;508588
Message ke-85;510541
Message ke-86;511517
Message ke-87;513473
Message ke-88;514449
Message ke-89;515427
Message ke-90;517382
Message ke-91;521291
Message ke-92;524221
Message ke-93;525198
Message ke-94;527151
Message ke-95;530084
Message ke-96;532039
Message ke-97;534970
Message ke-98;535948
Message ke-99;537902
Message ke-0;555510
Message ke-1;557465
Message ke-2;558442
Message ke-3;559419
Message ke-4;559419
Message ke-5;560396
Message ke-6;562350
Message ke-7;563328
Message ke-8;565282
Message ke-9;566259
Message ke-10;567236
Message ke-11;569190
Message ke-12;571144
Message ke-13;573099
Message ke-14;574078
Message ke-15;576030
Message ke-16;577985
Message ke-17;578961
Message ke-18;579940
Message ke-19;580918
Message ke-20;582873
Message ke-21;583847
Message ke-22;584826
Message ke-23;587756
Message ke-24;588732
Message ke-25;590690
Message ke-26;591665
Message ke-27;593619
Message ke-28;594598
Message ke-29;595575
Message ke-30;596552
Message ke-31;598506
Message ke-32;599483
Message ke-33;600459
Message ke-34;601436
Message ke-35;603391
Message ke-36;606323
Message ke-37;608277
Message ke-38;609254
Message ke-39;611207
Message ke-40;612185
Message ke-41;613163
Message ke-42;614140
Message ke-43;616094
Message ke-44;617071
Message ke-45;618048
Message ke-46;620980
Message ke-47;623909
Message ke-48;625865
Message ke-49;626842
Message ke-50;628797
Message ke-51;630751
Message ke-52;632705
Message ke-53;634658
Message ke-54;638566
Message ke-55;641499
Message ke-56;645407
Message ke-57;647361
Message ke-58;649316
Message ke-59;651270
Message ke-60;653224
Message ke-61;656158
Message ke-62;657321
Message ke-63;658806
Message ke-64;661738
Message ke-65;662715
Message ke-66;666623
Message ke-67;667601
Message ke-68;671510
Message ke-69;673465
Message ke-70;676398
Message ke-71;678349
Message ke-72;679326
Message ke-73;681280
Message ke-74;682258
Message ke-75;684214
Message ke-76;686166
Message ke-77;688120
Message ke-78;691054
Message ke-79;705710
Message ke-80;710593
Message ke-81;716456
Message ke-82;718412
Message ke-83;720365
Message ke-84;723297
Message ke-85;727205
Message ke-86;731115
Message ke-87;736000
Message ke-88;775777
Message ke-89;777733
Message ke-90;779686
Message ke-91;781641
Message ke-92;783596
Message ke-93;788482
Message ke-94;790963
Message ke-95;793891
Message ke-96;794868
Message ke-97;796824
Message ke-98;797801
Message ke-99;800731
Message ke-0;4735
Message ke-1;9166
Message ke-2;10135
Message ke-3;10662
Message ke-4;11622
Message ke-5;12600
Message ke-6;14063
Message ke-7;15977
Message ke-8;16954
Message ke-9;18907
Message ke-10;19884
Message ke-11;21839
Message ke-12;23355
Message ke-13;26264
Message ke-14;26799
Message ke-15;28736
Message ke-16;29711
Message ke-17;31196
Message ke-18;33679
Message ke-19;34640
Message ke-20;35617
Message ke-21;36593
Message ke-22;38547
Message ke-23;40034
Message ke-24;42548
Message ke-25;44471
Message ke-26;46428
Message ke-27;48382
Message ke-28;49359
Message ke-29;51314
Message ke-30;53267
Message ke-31;55222
Message ke-32;63039
Message ke-33;66947
Message ke-34;68903
Message ke-35;74764
Message ke-36;78672
Message ke-37;82581
Message ke-38;95283
Message ke-39;99192
Message ke-40;102124
Message ke-41;134369
Message ke-42;147074
Message ke-43;150982
Message ke-44;153912
Message ke-45;159774
Message ke-46;162457
Message ke-47;163435
Message ke-48;165389
Message ke-49;166366
Message ke-50;168320
Message ke-51;169298
Message ke-52;171251
Message ke-53;174183
Message ke-54;180046
Message ke-55;183956
Message ke-56;185908
Message ke-57;186889
Message ke-58;190795
Message ke-59;193726
Message ke-60;195681
Message ke-61;196658
Message ke-62;198611
Message ke-63;199588
Message ke-64;201543
Message ke-65;202521
Message ke-66;203499
Message ke-67;206430
Message ke-68;208383
Message ke-69;215223
Message ke-70;217178
Message ke-71;218154
Message ke-72;219131
Message ke-73;221086
Message ke-74;226949
Message ke-75;228904
Message ke-76;230858
Message ke-77;231834
Message ke-78;233789
Message ke-79;267013
Message ke-80;268966
Message ke-81;269944
Message ke-82;270920
Message ke-83;281669
Message ke-84;283623
Message ke-85;286553
Message ke-86;290462
Message ke-87;292417
Message ke-88;295349
Message ke-89;296330
Message ke-90;298280
Message ke-91;299258
Message ke-92;301213
Message ke-93;303166
Message ke-94;305122
Message ke-95;314896
Message ke-96;316846
Message ke-97;318799
Message ke-98;319779
Message ke-99;322711
Message ke-0;97163
Message ke-1;99101
Message ke-2;100610
Message ke-3;102546
Message ke-4;104051
Message ke-5;105979
Message ke-6;108450
Message ke-7;110940
Message ke-8;112872
Message ke-9;114336
Message ke-10;116257
Message ke-11;117762
Message ke-12;118724
Message ke-13;120679
Message ke-14;122167
Message ke-15;124651
Message ke-16;126590
Message ke-17;128543
Message ke-18;130498
Message ke-19;131474
Message ke-20;133429
Message ke-21;135385
Message ke-22;137339
Message ke-23;140268
Message ke-24;142223
Message ke-25;143200
Message ke-26;145155
Message ke-27;146132
Message ke-28;147110
Message ke-29;160790
Message ke-30;167630
Message ke-31;175448
Message ke-32;182287
Message ke-33;183263
Message ke-34;186195
Message ke-35;187172
Message ke-36;200852
Message ke-37;201830
Message ke-38;203784
Message ke-39;207693
Message ke-40;212578
Message ke-41;213554
Message ke-42;214532
Message ke-43;216485
Message ke-44;217462
Message ke-45;219419
Message ke-46;232121
Message ke-47;234074
Message ke-48;235052
Message ke-49;237007
Message ke-50;239938
Message ke-51;244825
Message ke-52;246778
Message ke-53;248732
Message ke-54;251434
Message ke-55;253362
Message ke-56;267041
Message ke-57;271926
Message ke-58;279744
Message ke-59;282675
Message ke-60;284630
Message ke-61;286583
Message ke-62;292445
Message ke-63;300263
Message ke-64;343258
Message ke-65;347166
Message ke-66;349120
Message ke-67;351073
Message ke-68;352051
Message ke-69;370618
Message ke-70;381366
Message ke-71;382984
Message ke-72;384789
Message ke-73;385764
Message ke-74;387717
Message ke-75;398552
Message ke-76;399492
Message ke-77;400470
Message ke-78;402718
Message ke-79;403695
Message ke-80;409097
Message ke-81;411561
Message ke-82;416964
Message ke-83;418916
Message ke-84;429670
Message ke-85;434552
Message ke-86;436508
Message ke-87;437483
Message ke-88;441397
Message ke-89;446279
Message ke-90;448236
Message ke-91;450188
Message ke-92;453126
Message ke-93;455072
Message ke-94;462889
Message ke-95;467773
Message ke-96;476569
Message ke-97;481456
Message ke-98;482437
Message ke-99;484386
